iteration,level,total_loss,policy_loss,value_loss,entropy_loss,blue_wins,red_wins,draws,win_rate,mean_reward,mean_episode_length
1,1,-0.1696904705837369,0.10958929710642051,0.0012945499318448128,6.0748450517654415,0,0,0,0.0,0.0,0.0
2,1,-0.13645862340927123,0.0766076413194213,0.00037273208456554133,6.003734898567199,0,0,0,0.0,0.0,0.0
3,1,-0.11339438017457723,0.054001751537783346,0.0004049153343657963,5.959508728981017,0,0,0,0.0,0.0,0.0
4,1,-0.09736176133155823,0.037794961407780645,5.31452142240596e-05,5.959337282180786,0,0,0,0.0,0.0,0.0
5,1,-0.12473196312785148,0.06592183066437193,5.3951784775563286e-05,5.88371090888977,0,0,0,0.0,0.0,0.0
1,1,-0.035314609110355374,0.02173684302542824,0.00043530740367714316,1.379542064666748,0,0,0,0.0,0.0,0.0
2,1,0.0,0.0,0.0,0.0,0,0,0,0.0,0.0,0.0
3,1,-0.022575969621539117,0.009590151789598166,0.0009958497495972552,1.3483742952346802,0,0,0,0.0,0.0,0.0
4,1,0.0,0.0,0.0,0.0,0,0,0,0.0,0.0,0.0
5,1,0.0,0.0,0.0,0.0,0,0,0,0.0,0.0,0.0
10,5,-0.0028727353317663075,0.0028820168692618607,1.857064280557097e-05,4.255770718941676e-07,0,0,56,0.0,95.23658739806362,350.0
20,5,0.0009966014651581645,-0.0009887208580039442,1.5880634805398586e-05,6.014059499648283e-06,0,0,112,0.0,90.93843033543327,350.0
30,5,0.003999286837643013,-0.003976480336859822,4.5629879605257886e-05,8.673701387351684e-07,0,0,168,0.0,87.84313976959031,350.0
40,5,0.0012246434654419622,-0.0012170626937101285,1.5177254181253374e-05,8.282393025638157e-07,0,0,232,0.0,88.67481998276513,350.0
50,5,-0.0007095486274920404,0.0007208819151856005,2.2682141752738973e-05,7.944450317154406e-07,0,0,288,0.0,90.50456998885944,350.0
60,5,-0.00025786779006011786,0.0002693783608265221,2.31409605760291e-05,5.998562640030514e-06,0,0,344,0.0,91.62301356064059,350.0
70,5,-0.0004059531273014727,0.0004331232874392299,5.438098705781158e-05,2.086542642132372e-06,0,0,408,0.0,92.36882764525153,350.0
80,5,0.00010685326997190714,-9.098399896174669e-05,3.175443061991246e-05,7.483526850649014e-07,0,0,464,0.0,91.5892560865898,350.0
90,5,-0.003125853029390176,0.0031389411228398482,2.6200444184117564e-05,1.2209039046714072e-06,0,0,520,0.0,91.860779051177,350.0
100,5,-0.006041927181649953,0.006069098226726055,5.4346467413779466e-05,2.745074816346005e-07,0,0,584,0.0,92.9039371994925,350.0
110,5,0.001961136911995709,-0.00194086953997612,4.062273474119138e-05,4.355433759428706e-06,0,0,640,0.0,92.57907050208493,350.0
120,5,-0.02026229116600007,0.020277670553574958,3.079983544012066e-05,2.150840479468267e-06,0,0,696,0.0,93.27864937373054,350.0
130,5,-1.2304420427729687e-05,2.651833929121494e-05,2.8444683812267614e-05,8.595332474214957e-07,0,0,760,0.0,91.63944757829462,350.0
140,5,-0.016423761720458667,0.014165760669857263,3.604201153090495e-05,0.22760225261251132,0,0,816,0.0,92.03003101867174,350.0
150,5,0.006145162787288427,-0.0072209448262583464,5.886375874979422e-05,0.11052141301333904,0,0,872,0.0,91.48343219213606,350.0
160,5,-0.01986850971976916,0.017768072119603556,3.385268022005524e-05,0.211736432214578,0,0,936,0.0,92.19081884395818,350.0
170,5,-0.019560397913058598,0.01458822147299846,3.261318712854215e-05,0.4988482763369878,0,0,992,0.0,92.37323005454635,350.0
180,5,0.0015229497648154696,-0.0055496292499204476,1.8595516182055386e-05,0.4035977085431417,0,0,1048,0.0,92.72271660533022,350.0
190,5,0.0019205803051590919,-0.003313231182983145,1.4684001678233472e-05,0.13999922843649984,0,0,1104,0.0,92.57109458768473,350.0
200,5,-0.013169500914712747,0.012129567754163873,4.055729421755435e-05,0.10602119763692221,0,0,1168,0.0,92.64485159746613,350.0
210,5,-0.0007736805157037452,0.000765098468400538,8.175241805474798e-06,0.0012668074807152152,0,0,1224,0.0,92.34152198013399,350.0
220,5,-0.0008696388453245163,0.0008880702895112336,4.254102459526621e-05,0.0002838601249095518,0,0,1280,0.0,92.64499871562536,350.0
230,5,0.0011730384392042955,-0.0011730637168511748,1.2446958165431472e-05,0.0006248686482043316,0,0,1344,0.0,92.52604620460853,350.0
240,5,0.001002403232268989,-0.000998657860327512,1.3498229600372725e-05,0.00030027504326426426,0,0,1400,0.0,92.50324836272547,350.0
250,5,0.000368523970246315,-0.0003606833633966744,1.9768290735555637e-05,0.00020438423998712097,0,0,1456,0.0,92.73865324059221,350.0
260,5,0.0012528712686616927,-0.0012475559546146543,1.3844695126863371e-05,0.00016069851044449025,0,0,1520,0.0,92.63400391192275,350.0
270,5,-0.0006709970960703989,0.000681844415764014,2.7891563543865535e-05,0.00030983723409008237,0,0,1576,0.0,92.44538535493632,350.0
280,5,-0.001837332174181938,0.0018640339840203524,6.001429555908544e-05,0.00033054610394174234,0,0,1632,0.0,92.00444990299042,350.0
290,5,-0.01784801377216354,0.017881114035844803,6.791214073018637e-05,8.565056541556259e-05,0,0,1696,0.0,92.12092806879525,350.0
300,5,-0.0436001222464256,0.04362744679674506,5.732783286021004e-05,0.00013421411986200838,0,0,1752,0.0,92.15567672428962,350.0
310,5,0.032993637141771615,-0.03297149492427707,4.640437887246662e-05,0.00010612589794618543,0,0,1808,0.0,92.10747204320252,350.0
320,5,0.0018223852656471232,-0.0018071074795443566,3.158497111144243e-05,5.1427449094868885e-05,0,0,1872,0.0,92.28950918657121,350.0
330,5,-0.00043834552634507417,0.000502801313996315,0.00013055391900707036,8.212546981667401e-05,0,0,1928,0.0,92.15540078313289,350.0
340,5,0.003597534052096307,-0.0034209955483675003,0.0003538214728905587,3.695212385537161e-05,0,0,1984,0.0,91.99270662413339,350.0
350,5,-2.576686771741758e-05,3.836799490575989e-05,3.0349690738754968e-05,0.0002574226920842193,0,0,2048,0.0,91.91455115914192,350.0
360,5,0.008188210117320219,-0.008157236066957315,6.232376999832922e-05,1.8729549356066855e-05,0,0,2104,0.0,92.00554627912697,350.0
370,5,-0.002788529374326269,0.002808473282493651,4.06187816831031e-05,3.655170003185049e-05,0,0,2160,0.0,91.8177334425132,350.0
380,5,-0.00834118242491968,0.00836687401169911,5.16782302838692e-05,1.47390170241124e-05,0,0,2216,0.0,91.46361243331175,350.0
390,5,-0.0009311695815995335,0.0009652183158323169,6.893530189699959e-05,4.188447619526414e-05,0,0,2280,0.0,91.69869066795157,350.0
400,5,-0.0011081699980422855,0.0011535122990608214,9.115958146139746e-05,2.3767285529174843e-05,0,0,2336,0.0,91.84530237099621,350.0
